{
    "knn": {
        "accuracy": 0.9542932017881918,
        "precision": 0.934738960531825,
        "recall": 0.9339317552795251,
        "f1": 0.9341444215604712
    },
    "hgbc": {
        "accuracy": 0.973022969014953,
        "precision": 0.9728033458599606,
        "recall": 0.9711136819589085,
        "f1": 0.9718981999719571
    },
    "rf": {
        "accuracy": 0.9741791274857408,
        "precision": 0.976615004511351,
        "recall": 0.9718259500611387,
        "f1": 0.9741498431155561
    }
}