{
    "knn": {
        "accuracy": 0.9766666666666667,
        "precision": 0.9791666666666666,
        "recall": 0.9740740740740742,
        "f1": 0.9757598359127354
    },
    "hgbc": {
        "accuracy": 0.99,
        "precision": 0.9899653734718394,
        "recall": 0.9894179894179894,
        "f1": 0.989674071328338
    },
    "rf": {
        "accuracy": 0.9933333333333333,
        "precision": 0.9937694704049843,
        "recall": 0.9925925925925926,
        "f1": 0.9931100275598898
    }
}