{
    "silhouette": 0.44815840828589726,
    "ari": 0.2465196397208306
}