{
    "ridge": {
        "mse": 0.33089667583698024,
        "r2": 0.3839081916006015
    },
    "hgbr": {
        "mse": 0.249754174212521,
        "r2": 0.5349862598145383
    },
    "rf": {
        "mse": 0.24694675520316337,
        "r2": 0.5402133532872515
    }
}