{
    "ridge": {
        "mse": 0.29854878622931563,
        "r2": 0.515234668733166
    },
    "hgbr": {
        "mse": 0.18696202753302577,
        "r2": 0.6964224495565321
    },
    "rf": {
        "mse": 0.1694258309667207,
        "r2": 0.7248966572228651
    }
}